Domain,Cloudflare Email
papo7899.com,theme-black.store
kbet8888.com,theme-red.store
dinoza.co,theme-green.store
newrose168.net,theme-black.store
metang77.org,theme-purple.store
rich89bet.co,theme-blue.store
ufe68.com,theme-black.store
yakuza1.net,theme-blue.store
laya222.co,theme-black.store
thaiplus88.co,theme-red.store
sedthee1688.com,theme-black.store
ktt888.net,theme-black.store
ktt888.org,theme-black.store
tga65.co,theme-purple.store
letsbet99.org,theme-blue.store
slotto168.net,theme-purple.store
best789.org,theme-purple.store
edm888vip.co,theme-red.store
dafast888.com,theme-red.store
