domain,cf_email
ishtiaqueazher.com,ufavisionseoteam23@gmail.com
ufa365s.net,ufavisionseoteam23@gmail.com
thefinexpress.com,ufavisionseoteam23@gmail.com
ufaa88.net,ufavisionseoteam23@gmail.com
ufa7979.net,ufavisionseoteam23@gmail.com
ufa365bet.net,ufavisionseoteam23@gmail.com
ufafin911.net,ufavisionseoteam23@gmail.com
ufa5500.com,ufavisionseoteam23@gmail.com
ufad1.net,ufavisionseoteam23@gmail.com
ufach.net,ufavisionseoteam23@gmail.com
ufa1913.net,ufavisionseoteam23@gmail.com
ufachip.net,ufavisionseoteam23@gmail.com
openwavedigital.com,ufavisionseoteam23@gmail.com
GirlsFromMainStreet.com,ufavisionseoteam23@gmail.com
glittercandybox.com,ufavisionseoteam23@gmail.com
ufatime24.com,ufavisionseoteam23@gmail.com
ufabet9789.net,ufavisionseoteam23@gmail.com
ufad7.net,ufavisionseoteam23@gmail.com
kerry77.net,ufavisionseoteam23@gmail.com
24easy.org,ufavisionseoteam23@gmail.com
betplus68.org,ufavisionseoteam23@gmail.com
allslotasia.org,ufavisionseoteam23@gmail.com
money5.org,ufavisionseoteam23@gmail.com
coke123.info,ufavisionseoteam23@gmail.com
angelrich168.info,ufavisionseoteam23@gmail.com
sabai77.info,ufavisionseoteam23@gmail.com
pgslot33.info,ufavisionseoteam23@gmail.com
blackbonebet.info,ufavisionseoteam23@gmail.com
ninja789.info,ufavisionseoteam23@gmail.com
lv135.info,ufavisionseoteam23@gmail.com
clubpussy168.org,ufavisionseoteam23@gmail.com
boomer345.net,ufavisionseoteam23@gmail.com
boomer345.org,ufavisionseoteam23@gmail.com
lucus789.net,ufavisionseoteam23@gmail.com
lucus789.org,ufavisionseoteam23@gmail.com
wcup8.org,ufavisionseoteam23@gmail.com
ufa88x.com,ufavisionseoteam23@gmail.com
spinstar168.com,ufavisionseoteam23@gmail.com
btsawin.com,ufavisionseoteam23@gmail.com
btsawin.net,ufavisionseoteam23@gmail.com
btsawin.org,ufavisionseoteam23@gmail.com
oneonebet.net,ufavisionseoteam23@gmail.com
oneonebet.org,ufavisionseoteam23@gmail.com
eazybet88.net,ufavisionseoteam23@gmail.com
eazybet88.org,ufavisionseoteam23@gmail.com
koneplus.net,ufavisionseoteam23@gmail.com
koneplus.org,ufavisionseoteam23@gmail.com
lucky168th.net,ufavisionseoteam23@gmail.com
vegus89vip.net,ufavisionseoteam23@gmail.com
zeegame88.org,ufavisionseoteam23@gmail.com
fin928.org,ufavisionseoteam23@gmail.com
spatans300.org,ufavisionseoteam23@gmail.com
gorichs.org,ufavisionseoteam23@gmail.com
onebet365.org,ufavisionseoteam23@gmail.com
uzii.info,ufavisionseoteam23@gmail.com
monto168plus.info,ufavisionseoteam23@gmail.com
allin991.info,ufavisionseoteam23@gmail.com
winza88.info,ufavisionseoteam23@gmail.com
36thvip.info,ufavisionseoteam23@gmail.com
sportkingbet.org,ufavisionseoteam23@gmail.com
ufast99.com,ufavisionseoteam23@gmail.com
ufast99.net,ufavisionseoteam23@gmail.com
ufast99.org,ufavisionseoteam23@gmail.com
reboost99.net,ufavisionseoteam23@gmail.com
reboost99.org,ufavisionseoteam23@gmail.com
malay66.net,ufavisionseoteam23@gmail.com
1xamb.net,ufavisionseoteam23@gmail.com
betflikpro.net,ufavisionseoteam23@gmail.com
168pgplay.org,ufavisionseoteam23@gmail.com
waiwai168.org,ufavisionseoteam23@gmail.com
be4you.info,ufavisionseoteam23@gmail.com
job168.info,ufavisionseoteam23@gmail.com
fun88world.org,ufavisionseoteam23@gmail.com
thaivip99.info,ufavisionseoteam23@gmail.com
aka99s.net,ufavisionseoteam23@gmail.com
visa8bet.org,ufavisionseoteam23@gmail.com
amb123vip.org,ufavisionseoteam23@gmail.com
trex88.org,ufavisionseoteam23@gmail.com
u88pro.org,ufavisionseoteam23@gmail.com
sexyget24.net,ufavisionseoteam23@gmail.com
1perslot.net,ufavisionseoteam23@gmail.com
299bslot.com,ufavisionseoteam23@gmail.com
2thewinslot.net,ufavisionseoteam23@gmail.com
4u2thslot.net,ufavisionseoteam23@gmail.com
55betslot.net,ufavisionseoteam23@gmail.com
5799slot.net,ufavisionseoteam23@gmail.com
59g1slot.net,ufavisionseoteam23@gmail.com
66p62slot.com,ufavisionseoteam23@gmail.com
66p62slot.net,ufavisionseoteam23@gmail.com
69th08slot.net,ufavisionseoteam23@gmail.com
9zzxslot.com,ufavisionseoteam23@gmail.com
9zzxslot.net,ufavisionseoteam23@gmail.com
alizlotslot.com,ufavisionseoteam23@gmail.com
alizlotslot.net,ufavisionseoteam23@gmail.com
alpha7slot.com,ufavisionseoteam23@gmail.com
alpha7slot.net,ufavisionseoteam23@gmail.com
anubizslot.com,ufavisionseoteam23@gmail.com
anubizslot.net,ufavisionseoteam23@gmail.com
apl168slot.net,ufavisionseoteam23@gmail.com
az9slot.com,ufavisionseoteam23@gmail.com
az9slot.net,ufavisionseoteam23@gmail.com
bg777slot.com,ufavisionseoteam23@gmail.com
bg777slot.net,ufavisionseoteam23@gmail.com
big188slot.net,ufavisionseoteam23@gmail.com
bigwin69slot.com,ufavisionseoteam23@gmail.com
bigwin69slot.net,ufavisionseoteam23@gmail.com
bm789slot.net,ufavisionseoteam23@gmail.com
chaluslot.net,ufavisionseoteam23@gmail.com
waspspin55.net,ufavisionseoteam23@gmail.com
waspspin55.org,ufavisionseoteam23@gmail.com
ddbet88.net,ufavisionseoteam23@gmail.com
ddbet88.org,ufavisionseoteam23@gmail.com
v4club.net,ufavisionseoteam23@gmail.com
1688tiger.org,ufavisionseoteam23@gmail.com
bp6689.org,ufavisionseoteam23@gmail.com
ai168.org,ufavisionseoteam23@gmail.com
uea10x.org,ufavisionseoteam23@gmail.com
bata88.info,ufavisionseoteam23@gmail.com
jackpot88.info,ufavisionseoteam23@gmail.com
buzz77.info,ufavisionseoteam23@gmail.com
lucky69.org,ufavisionseoteam23@gmail.com
waspspin.info,ufavisionseoteam23@gmail.com
ufaz9.org,ufavisionseoteam23@gmail.com
loveufa.net,ufavisionseoteam23@gmail.com
mpbwin.org,ufavisionseoteam23@gmail.com
chicago99.org,ufavisionseoteam23@gmail.com
chang1688slot.com,ufavisionseoteam23@gmail.com
chang1688slot.net,ufavisionseoteam23@gmail.com
click2winslot.com,ufavisionseoteam23@gmail.com
cod9slot.com,ufavisionseoteam23@gmail.com
cod9slot.net,ufavisionseoteam23@gmail.com
combobet99slot.net,ufavisionseoteam23@gmail.com
copa747slot.com,ufavisionseoteam23@gmail.com
copa747slot.net,ufavisionseoteam23@gmail.com
d4bkkslot.com,ufavisionseoteam23@gmail.com
d4bkkslot.net,ufavisionseoteam23@gmail.com
enjoy24slot.net,ufavisionseoteam23@gmail.com
ezx321slot.net,ufavisionseoteam23@gmail.com
fafa89slot.com,ufavisionseoteam23@gmail.com
fafa89slot.net,ufavisionseoteam23@gmail.com
fastxwinslot.com,ufavisionseoteam23@gmail.com
fastxwinslot.net,ufavisionseoteam23@gmail.com
fed88slot.net,ufavisionseoteam23@gmail.com
fg98slot.com,ufavisionseoteam23@gmail.com
fg98slot.net,ufavisionseoteam23@gmail.com
ggambetslot.com,ufavisionseoteam23@gmail.com
ggambetslot.net,ufavisionseoteam23@gmail.com
goatfatherslot.com,ufavisionseoteam23@gmail.com
goatfatherslot.net,ufavisionseoteam23@gmail.com
gt664slot.com,ufavisionseoteam23@gmail.com
gt664slot.net,ufavisionseoteam23@gmail.com
gxy9999slot.com,ufavisionseoteam23@gmail.com
gxy9999slot.net,ufavisionseoteam23@gmail.com
basic999.net,ufavisionseoteam23@gmail.com
basic999.org,ufavisionseoteam23@gmail.com
h25xx.net,ufavisionseoteam23@gmail.com
h25xx.org,ufavisionseoteam23@gmail.com
uea8inw.net,ufavisionseoteam23@gmail.com
uea8inw.org,ufavisionseoteam23@gmail.com
ufagr8auto.net,ufavisionseoteam23@gmail.com
ufagr8auto.org,ufavisionseoteam23@gmail.com
btw8.net,ufavisionseoteam23@gmail.com
mcu168.org,ufavisionseoteam23@gmail.com
80city.info,ufavisionseoteam23@gmail.com
chai168.info,ufavisionseoteam23@gmail.com
tee456.org,ufavisionseoteam23@gmail.com
osaka198.net,ufavisionseoteam23@gmail.com
osaka198.org,ufavisionseoteam23@gmail.com
seanslot.net,ufavisionseoteam23@gmail.com
bitbetkub.org,ufavisionseoteam23@gmail.com
h25thslot.com,ufavisionseoteam23@gmail.com
h25thslot.net,ufavisionseoteam23@gmail.com
hengdeeslot.com,ufavisionseoteam23@gmail.com
hengdeeslot.net,ufavisionseoteam23@gmail.com
hh888slot.net,ufavisionseoteam23@gmail.com
hl888slot.net,ufavisionseoteam23@gmail.com
hotfunsslot.net,ufavisionseoteam23@gmail.com
hotvip888slot.net,ufavisionseoteam23@gmail.com
joker2499slot.com,ufavisionseoteam23@gmail.com
joker2499slot.net,ufavisionseoteam23@gmail.com
juad678slot.com,ufavisionseoteam23@gmail.com
juad678slot.net,ufavisionseoteam23@gmail.com
justbet777slot.com,ufavisionseoteam23@gmail.com
justbet777slot.net,ufavisionseoteam23@gmail.com
kc9001slot.com,ufavisionseoteam23@gmail.com
kc9001slot.net,ufavisionseoteam23@gmail.com
kitty999slot.net,ufavisionseoteam23@gmail.com
kt5558slot.com,ufavisionseoteam23@gmail.com
kt5558slot.net,ufavisionseoteam23@gmail.com
lbb999slot.com,ufavisionseoteam23@gmail.com
lbb999slot.net,ufavisionseoteam23@gmail.com
lionwingslot.com,ufavisionseoteam23@gmail.com
lionwingslot.net,ufavisionseoteam23@gmail.com
lucky123slot.net,ufavisionseoteam23@gmail.com
luckyvipslot.com,ufavisionseoteam23@gmail.com
luckyvipslot.net,ufavisionseoteam23@gmail.com
m4finnslot.net,ufavisionseoteam23@gmail.com
m4oceanslot.com,ufavisionseoteam23@gmail.com
m4oceanslot.net,ufavisionseoteam23@gmail.com
m4superslot.net,ufavisionseoteam23@gmail.com
ruaymaha.net,ufavisionseoteam23@gmail.com
ruaymaha.org,ufavisionseoteam23@gmail.com
acsuper.org,ufavisionseoteam23@gmail.com
lotawild.org,ufavisionseoteam23@gmail.com
neon24h6.org,ufavisionseoteam23@gmail.com
rushslot.org,ufavisionseoteam23@gmail.com
oros89.net,ufavisionseoteam23@gmail.com
oros89.org,ufavisionseoteam23@gmail.com
cup24h.org,ufavisionseoteam23@gmail.com
luxplay77.net,ufavisionseoteam23@gmail.com
luxplay77.org,ufavisionseoteam23@gmail.com
red898.org,ufavisionseoteam23@gmail.com
betflix68.com,ufavisionseoteam23@gmail.com
atomic789.org,ufavisionseoteam23@gmail.com
zumo168.org,ufavisionseoteam23@gmail.com
ssc777.org,ufavisionseoteam23@gmail.com
ufgami888.org,ufavisionseoteam23@gmail.com
ufgami888.net,ufavisionseoteam23@gmail.com
ufabetcasa.com,ufavisionseoteam23@gmail.com
ufabetcasa.net,ufavisionseoteam23@gmail.com
ufabetcasa.org,ufavisionseoteam23@gmail.com
starai888.net,ufavisionseoteam23@gmail.com
u369369.net,ufavisionseoteam23@gmail.com
u369369.org,ufavisionseoteam23@gmail.com
ufasexygame9.net,ufavisionseoteam23@gmail.com
ufasexygame9.org,ufavisionseoteam23@gmail.com
fa181818.org,ufavisionseoteam23@gmail.com
ufabombx.org,ufavisionseoteam23@gmail.com
pailinbet.org,ufavisionseoteam23@gmail.com
sun34444.org,ufavisionseoteam23@gmail.com
m98uslot.com,ufavisionseoteam23@gmail.com
m98uslot.net,ufavisionseoteam23@gmail.com
mawynnslot.com,ufavisionseoteam23@gmail.com
mawynnslot.net,ufavisionseoteam23@gmail.com
meu22slot.net,ufavisionseoteam23@gmail.com
mk69slot.net,ufavisionseoteam23@gmail.com
munmelloslot.com,ufavisionseoteam23@gmail.com
munmelloslot.net,ufavisionseoteam23@gmail.com
mvp189slot.com,ufavisionseoteam23@gmail.com
mvp189slot.net,ufavisionseoteam23@gmail.com
mvp365slot.com,ufavisionseoteam23@gmail.com
mvp365slot.net,ufavisionseoteam23@gmail.com
naza555slot.com,ufavisionseoteam23@gmail.com
naza555slot.net,ufavisionseoteam23@gmail.com
ok918slot.net,ufavisionseoteam23@gmail.com
oxy147slot.com,ufavisionseoteam23@gmail.com
oxy147slot.net,ufavisionseoteam23@gmail.com
p2g88slot.com,ufavisionseoteam23@gmail.com
p2g88slot.net,ufavisionseoteam23@gmail.com
p9goslot.com,ufavisionseoteam23@gmail.com
p9goslot.net,ufavisionseoteam23@gmail.com
paotung1688slot.com,ufavisionseoteam23@gmail.com
paotung1688slot.net,ufavisionseoteam23@gmail.com
pawin9slot.com,ufavisionseoteam23@gmail.com
pawin9slot.net,ufavisionseoteam23@gmail.com
perfectzoneslot.net,ufavisionseoteam23@gmail.com
pg44slot.com,ufavisionseoteam23@gmail.com
pg44slot.net,ufavisionseoteam23@gmail.com
pgh66slot.com,ufavisionseoteam23@gmail.com
pg168slot.net,ufavisionseoteam23@gmail.com
betflix789vip.com,ufavisionseoteam23@gmail.com
betflix789vip.net,ufavisionseoteam23@gmail.com
betflix789vip.org,ufavisionseoteam23@gmail.com
bf789vip.net,ufavisionseoteam23@gmail.com
bf789vip.org,ufavisionseoteam23@gmail.com
allin939.net,ufavisionseoteam23@gmail.com
ap788.org,ufavisionseoteam23@gmail.com
king8888.info,ufavisionseoteam23@gmail.com
tdet168.info,ufavisionseoteam23@gmail.com
mg169.net,ufavisionseoteam23@gmail.com
mg169.org,ufavisionseoteam23@gmail.com
sps88.net,ufavisionseoteam23@gmail.com
sps88.org,ufavisionseoteam23@gmail.com
okcasino1.org,ufavisionseoteam23@gmail.com
tony168s.info,ufavisionseoteam23@gmail.com
bujawon24hrs.info,ufavisionseoteam23@gmail.com
ufawin189.info,ufavisionseoteam23@gmail.com
dd19.info,ufavisionseoteam23@gmail.com
play321.org,ufavisionseoteam23@gmail.com
galaxy345.net,ufavisionseoteam23@gmail.com
galaxy345.org,ufavisionseoteam23@gmail.com
paheng168.org,ufavisionseoteam23@gmail.com
i828th.net,ufavisionseoteam23@gmail.com
taekdee569.net,ufavisionseoteam23@gmail.com
taekdee569.org,ufavisionseoteam23@gmail.com
gxb89.org,ufavisionseoteam23@gmail.com
lvvegas.org,ufavisionseoteam23@gmail.com
ultraclub89.net,ufavisionseoteam23@gmail.com
ultraclub89.org,ufavisionseoteam23@gmail.com
bigbet44.net,ufavisionseoteam23@gmail.com
pgh66slot.net,ufavisionseoteam23@gmail.com
pgk44slot.com,ufavisionseoteam23@gmail.com
pgk44slot.net,ufavisionseoteam23@gmail.com
playdollarslot.com,ufavisionseoteam23@gmail.com
playdollarslot.net,ufavisionseoteam23@gmail.com
pp9slot.com,ufavisionseoteam23@gmail.com
pung369plusslot.com,ufavisionseoteam23@gmail.com
pung369plusslot.net,ufavisionseoteam23@gmail.com
pungverslot.net,ufavisionseoteam23@gmail.com
royaleluxeslot.com,ufavisionseoteam23@gmail.com
royaleluxeslot.net,ufavisionseoteam23@gmail.com
rsl888slot.net,ufavisionseoteam23@gmail.com
rst88slot.net,ufavisionseoteam23@gmail.com
s88plusslot.net,ufavisionseoteam23@gmail.com
sabai168slot.com,ufavisionseoteam23@gmail.com
sabai168slot.net,ufavisionseoteam23@gmail.com
sbo999slot.net,ufavisionseoteam23@gmail.com
six99slot.com,ufavisionseoteam23@gmail.com
six99slot.net,ufavisionseoteam23@gmail.com
skvegasslot.net,ufavisionseoteam23@gmail.com
somjai99slot.com,ufavisionseoteam23@gmail.com
somjai99slot.net,ufavisionseoteam23@gmail.com
sos69slot.com,ufavisionseoteam23@gmail.com
sos69slot.net,ufavisionseoteam23@gmail.com
spacefunslot.com,ufavisionseoteam23@gmail.com
spacefunslot.net,ufavisionseoteam23@gmail.com
spinhub356slot.com,ufavisionseoteam23@gmail.com
spinhub356slot.net,ufavisionseoteam23@gmail.com
sqgame555slot.com,ufavisionseoteam23@gmail.com
sqgame555slot.net,ufavisionseoteam23@gmail.com
ufaxp.info,ufavisionseoteam23@gmail.com
siam9.info,ufavisionseoteam23@gmail.com
gga69.info,ufavisionseoteam23@gmail.com
autobg168.info,ufavisionseoteam23@gmail.com
nex789v1.net,ufavisionseoteam23@gmail.com
luckynew888.net,ufavisionseoteam23@gmail.com
luckynew888.org,ufavisionseoteam23@gmail.com
richwin66.org,ufavisionseoteam23@gmail.com
ugod999.net,ufavisionseoteam23@gmail.com
ugod999.org,ufavisionseoteam23@gmail.com
69th05.org,ufavisionseoteam23@gmail.com
168yakuza.org,ufavisionseoteam23@gmail.com
999luckyslot.org,ufavisionseoteam23@gmail.com
allplayslot77.org,ufavisionseoteam23@gmail.com
apollojoker.org,ufavisionseoteam23@gmail.com
apolloxo.org,ufavisionseoteam23@gmail.com
berlinplus.org,ufavisionseoteam23@gmail.com
bfza.org,ufavisionseoteam23@gmail.com
bigtiger.org,ufavisionseoteam23@gmail.com
denmark777.org,ufavisionseoteam23@gmail.com
ea88win.org,ufavisionseoteam23@gmail.com
kingland911.org,ufavisionseoteam23@gmail.com
lobby168.org,ufavisionseoteam23@gmail.com
lucabet345.org,ufavisionseoteam23@gmail.com
m9808.org,ufavisionseoteam23@gmail.com
mickey66.org,ufavisionseoteam23@gmail.com
mvppr88.org,ufavisionseoteam23@gmail.com
pg89.org,ufavisionseoteam23@gmail.com
pgb99.org,ufavisionseoteam23@gmail.com
pgzeedslot.org,ufavisionseoteam23@gmail.com
phoenixs88.org,ufavisionseoteam23@gmail.com
scb382.org,ufavisionseoteam23@gmail.com
superg888.org,ufavisionseoteam23@gmail.com
supperone.org,ufavisionseoteam23@gmail.com
tigerwin369.org,ufavisionseoteam23@gmail.com
ufa88xauto.org,ufavisionseoteam23@gmail.com
ufaodinvip.org,ufavisionseoteam23@gmail.com
ufaplus77.org,ufavisionseoteam23@gmail.com
ufaup3388.org,ufavisionseoteam23@gmail.com
usvegas999.org,ufavisionseoteam23@gmail.com
vf138th.org,ufavisionseoteam23@gmail.com
vsc888b.org,ufavisionseoteam23@gmail.com
warp777.org,ufavisionseoteam23@gmail.com
ufatrackmaven.com,ufavisionseoteam23@gmail.com
vela888.com,ufavisionseoteam23@gmail.com
yedped123.com,ufavisionseoteam23@gmail.com
4kslot.net,ufavisionseoteam23@gmail.com
168limited.net,ufavisionseoteam23@gmail.com
berlinplus.net,ufavisionseoteam23@gmail.com
berryblack365.net,ufavisionseoteam23@gmail.com
betflixsworld.net,ufavisionseoteam23@gmail.com
bunnyfit.net,ufavisionseoteam23@gmail.com
burgerrich.net,ufavisionseoteam23@gmail.com
comeback789.net,ufavisionseoteam23@gmail.com
dva88.net,ufavisionseoteam23@gmail.com
gangnam89.net,ufavisionseoteam23@gmail.com
gbgreybet.net,ufavisionseoteam23@gmail.com
gmb888.net,ufavisionseoteam23@gmail.com
jbncasino.net,ufavisionseoteam23@gmail.com
luckypg.net,ufavisionseoteam23@gmail.com
luxurywin777.net,ufavisionseoteam23@gmail.com
mufaza168.net,ufavisionseoteam23@gmail.com
omg6886.net,ufavisionseoteam23@gmail.com
pgjokerauto.net,ufavisionseoteam23@gmail.com
skynest99.net,ufavisionseoteam23@gmail.com
surebetth.net,ufavisionseoteam23@gmail.com
thelagalaxy.net,ufavisionseoteam23@gmail.com
tog08.net,ufavisionseoteam23@gmail.com
ufacp89.net,ufavisionseoteam23@gmail.com
ufalv.net,ufavisionseoteam23@gmail.com
ufaodinvip.net,ufavisionseoteam23@gmail.com
usvegas999.net,ufavisionseoteam23@gmail.com
zeegamevip.net,ufavisionseoteam23@gmail.com
1688miami.org,ufavisionseoteam23@gmail.com
alpha788.org,ufavisionseoteam23@gmail.com
forza350.org,ufavisionseoteam23@gmail.com
hubpgslot.org,ufavisionseoteam23@gmail.com
r2r928.org,ufavisionseoteam23@gmail.com
richlucky66.org,ufavisionseoteam23@gmail.com
ufanext777.org,ufavisionseoteam23@gmail.com
kkkwinclub.com,ufavisionseoteam23@gmail.com
sme789.com,ufavisionseoteam23@gmail.com
alpha788.net,ufavisionseoteam23@gmail.com
amgame168.net,ufavisionseoteam23@gmail.com
jaojeng888.net,ufavisionseoteam23@gmail.com
ledbet1688.net,ufavisionseoteam23@gmail.com
m4super.net,ufavisionseoteam23@gmail.com
mickey66.net,ufavisionseoteam23@gmail.com
nigoal191.net,ufavisionseoteam23@gmail.com
sawan66.net,ufavisionseoteam23@gmail.com
slotbmx.net,ufavisionseoteam23@gmail.com
time2lucky.net,ufavisionseoteam23@gmail.com
ufostar.net,ufavisionseoteam23@gmail.com
moneynest88.net,ufavisionseoteam23@gmail.com
moneynest88.org,ufavisionseoteam23@gmail.com
flowkiingv3.net,ufavisionseoteam23@gmail.com
victor89.org,ufavisionseoteam23@gmail.com
relaxpg.info,ufavisionseoteam23@gmail.com
apa828.info,ufavisionseoteam23@gmail.com
ipx888.info,ufavisionseoteam23@gmail.com
luckytree.info,ufavisionseoteam23@gmail.com
top1king.info,ufavisionseoteam23@gmail.com
96sbtvip.org,ufavisionseoteam23@gmail.com
cadaup24.net,ufavisionseoteam23@gmail.com
cadaup24.org,ufavisionseoteam23@gmail.com
st99slot.net,ufavisionseoteam23@gmail.com
sunworld888slot.com,ufavisionseoteam23@gmail.com
sunworld888slot.net,ufavisionseoteam23@gmail.com
sway88slot.com,ufavisionseoteam23@gmail.com
sway88slot.net,ufavisionseoteam23@gmail.com
t6betslot.com,ufavisionseoteam23@gmail.com
t6betslot.net,ufavisionseoteam23@gmail.com
taobinsslot.com,ufavisionseoteam23@gmail.com
taobinsslot.net,ufavisionseoteam23@gmail.com
tbetslot.com,ufavisionseoteam23@gmail.com
tbetslot.net,ufavisionseoteam23@gmail.com
tha777slot.com,ufavisionseoteam23@gmail.com
tha777slot.net,ufavisionseoteam23@gmail.com
the1clubslot.net,ufavisionseoteam23@gmail.com
turbo168slot.net,ufavisionseoteam23@gmail.com
uri69slot.net,ufavisionseoteam23@gmail.com
vf138slot.com,ufavisionseoteam23@gmail.com
vf138slot.net,ufavisionseoteam23@gmail.com
vpm44slot.net,ufavisionseoteam23@gmail.com
w268slot.com,ufavisionseoteam23@gmail.com
w268slot.net,ufavisionseoteam23@gmail.com
w550slot.net,ufavisionseoteam23@gmail.com
wegamingslot.net,ufavisionseoteam23@gmail.com
whanmhoo569slot.com,ufavisionseoteam23@gmail.com
whanmhoo569slot.net,ufavisionseoteam23@gmail.com
winheroslot.com,ufavisionseoteam23@gmail.com
winheroslot.net,ufavisionseoteam23@gmail.com
wow69slot.net,ufavisionseoteam23@gmail.com
ww424slot.net,ufavisionseoteam23@gmail.com
x1proslot.com,ufavisionseoteam23@gmail.com
bingxth.com,ufavisionseoteam23@gmail.com
bingxth.net,ufavisionseoteam23@gmail.com
bingxth.org,ufavisionseoteam23@gmail.com
vega98b.org,ufavisionseoteam23@gmail.com
party888.org,ufavisionseoteam23@gmail.com
theempire99.info,ufavisionseoteam23@gmail.com
u31d.net,ufavisionseoteam23@gmail.com
u31d.org,ufavisionseoteam23@gmail.com
ezyplay88.net,ufavisionseoteam23@gmail.com
ezyplay88.org,ufavisionseoteam23@gmail.com
ytk234.net,ufavisionseoteam23@gmail.com
ytk234.org,ufavisionseoteam23@gmail.com
dobby99.net,ufavisionseoteam23@gmail.com
dobby99.org,ufavisionseoteam23@gmail.com
eu9thai.net,ufavisionseoteam23@gmail.com
eu9slot.net,ufavisionseoteam23@gmail.com
eu9slot.org,ufavisionseoteam23@gmail.com
eu9thailand.net,ufavisionseoteam23@gmail.com
eu9thailand.org,ufavisionseoteam23@gmail.com
x1proslot.net,ufavisionseoteam23@gmail.com
xc69slot.net,ufavisionseoteam23@gmail.com
youngbetslot.net,ufavisionseoteam23@gmail.com
zumo99slot.com,ufavisionseoteam23@gmail.com
zumo99slot.net,ufavisionseoteam23@gmail.com
22funslot.org,ufavisionseoteam23@gmail.com
35betslot.org,ufavisionseoteam23@gmail.com
369vipslot.org,ufavisionseoteam23@gmail.com
3a888slot.org,ufavisionseoteam23@gmail.com
4u2thslot.org,ufavisionseoteam23@gmail.com
555betslot.org,ufavisionseoteam23@gmail.com
55betslot.org,ufavisionseoteam23@gmail.com
59slot.org,ufavisionseoteam23@gmail.com
77jilislot.org,ufavisionseoteam23@gmail.com
911goldslot.org,ufavisionseoteam23@gmail.com
9dragonslot.org,ufavisionseoteam23@gmail.com
acash888slot.org,ufavisionseoteam23@gmail.com
ajexxslot.org,ufavisionseoteam23@gmail.com
ajm365slot.org,ufavisionseoteam23@gmail.com
ajm789slot.org,ufavisionseoteam23@gmail.com
alizlotslot.org,ufavisionseoteam23@gmail.com
allplayslot.org,ufavisionseoteam23@gmail.com
amata1688slot.org,ufavisionseoteam23@gmail.com
amb44slot.org,ufavisionseoteam23@gmail.com
angel66slot.org,ufavisionseoteam23@gmail.com
anubizslot.org,ufavisionseoteam23@gmail.com
apl111slot.org,ufavisionseoteam23@gmail.com
areazeedslot.org,ufavisionseoteam23@gmail.com
audi333slot.org,ufavisionseoteam23@gmail.com
az9slot.org,ufavisionseoteam23@gmail.com
wowspeed.net,ufavisionseoteam23@gmail.com
wowspeed.org,ufavisionseoteam23@gmail.com
tunder242.net,ufavisionseoteam23@gmail.com
tunder242.org,ufavisionseoteam23@gmail.com
infy89.org,ufavisionseoteam23@gmail.com
999m.org,ufavisionseoteam23@gmail.com
77jili.info,ufavisionseoteam23@gmail.com
poi8.info,ufavisionseoteam23@gmail.com
finnverr888.info,ufavisionseoteam23@gmail.com
dgsiam.org,ufavisionseoteam23@gmail.com
fourc1688.net,ufavisionseoteam23@gmail.com
fourc1688.org,ufavisionseoteam23@gmail.com
bagus77slot.org,ufavisionseoteam23@gmail.com
balen69slot.org,ufavisionseoteam23@gmail.com
big188slot.org,ufavisionseoteam23@gmail.com
bk789slot.org,ufavisionseoteam23@gmail.com
bkm88slot.org,ufavisionseoteam23@gmail.com
bull69slot.org,ufavisionseoteam23@gmail.com
d195slot.org,ufavisionseoteam23@gmail.com
dca365slot.org,ufavisionseoteam23@gmail.com
dewa66slot.org,ufavisionseoteam23@gmail.com
dospinslot.org,ufavisionseoteam23@gmail.com
enjoy24slot.org,ufavisionseoteam23@gmail.com
ezbet69slot.org,ufavisionseoteam23@gmail.com
ezx321slot.org,ufavisionseoteam23@gmail.com
fafa168slot.org,ufavisionseoteam23@gmail.com
fast828slot.org,ufavisionseoteam23@gmail.com
flix333slot.org,ufavisionseoteam23@gmail.com
g79gslot.org,ufavisionseoteam23@gmail.com
g999slot.org,ufavisionseoteam23@gmail.com
gaga55slot.org,ufavisionseoteam23@gmail.com
gc168slot.org,ufavisionseoteam23@gmail.com
gu899slot.org,ufavisionseoteam23@gmail.com
happy888slot.org,ufavisionseoteam23@gmail.com
heng787slot.org,ufavisionseoteam23@gmail.com
ibad99slot.org,ufavisionseoteam23@gmail.com
infinity69slot.org,ufavisionseoteam23@gmail.com
kd6slot.org,ufavisionseoteam23@gmail.com
kingthai999slot.org,ufavisionseoteam23@gmail.com
kitty999slot.org,ufavisionseoteam23@gmail.com
ktvslot.org,ufavisionseoteam23@gmail.com
luna999slot.org,ufavisionseoteam23@gmail.com
pgpro789.info,ufavisionseoteam23@gmail.com
baby688.info,ufavisionseoteam23@gmail.com
maco24.net,ufavisionseoteam23@gmail.com
bsowin.org,ufavisionseoteam23@gmail.com
zipp289.net,ufavisionseoteam23@gmail.com
zipp289.org,ufavisionseoteam23@gmail.com
newyork699.net,ufavisionseoteam23@gmail.com
newyork699.org,ufavisionseoteam23@gmail.com
nmd789.net,ufavisionseoteam23@gmail.com
nmd789.org,ufavisionseoteam23@gmail.com
wanruay.org,ufavisionseoteam23@gmail.com
tkb289.net,ufavisionseoteam23@gmail.com
tkb289.org,ufavisionseoteam23@gmail.com
lv177slot.org,ufavisionseoteam23@gmail.com
m4vipslot.org,ufavisionseoteam23@gmail.com
marine88slot.org,ufavisionseoteam23@gmail.com
mars444slot.org,ufavisionseoteam23@gmail.com
maxsportslot.org,ufavisionseoteam23@gmail.com
maxwin88slot.org,ufavisionseoteam23@gmail.com
medusa88slot.org,ufavisionseoteam23@gmail.com
metang99slot.org,ufavisionseoteam23@gmail.com
meu22slot.org,ufavisionseoteam23@gmail.com
miami999slot.org,ufavisionseoteam23@gmail.com
moon789slot.org,ufavisionseoteam23@gmail.com
moscow66slot.org,ufavisionseoteam23@gmail.com
mukasabetslot.org,ufavisionseoteam23@gmail.com
n98islot.org,ufavisionseoteam23@gmail.com
naga889slot.org,ufavisionseoteam23@gmail.com
ufgami555.org,ufavisionseoteam23@gmail.com
ufgami555.vip,ufavisionseoteam23@gmail.com
ufagami555.com,ufavisionseoteam23@gmail.com
ufagami555.net,ufavisionseoteam23@gmail.com
ufgami777.org,ufavisionseoteam23@gmail.com
ufgami7777.com,ufavisionseoteam23@gmail.com
ufagami777.com,ufavisionseoteam23@gmail.com
ufgami8888.com,ufavisionseoteam23@gmail.com
ufagami888.com,ufavisionseoteam23@gmail.com
ufgami999.net,ufavisionseoteam23@gmail.com
ufgami999.org,ufavisionseoteam23@gmail.com
ufgami9999.com,ufavisionseoteam23@gmail.com
ufagami999.com,ufavisionseoteam23@gmail.com
ufgami333.org,ufavisionseoteam23@gmail.com
ufgami3333.com,ufavisionseoteam23@gmail.com
ufagami3333.com,ufavisionseoteam23@gmail.com
un589.vip,ufavisionseoteam23@gmail.com
ufapb99.net,ufavisionseoteam24@gmail.com
win285.info,ufavisionseoteam24@gmail.com
jzspin.org,ufavisionseoteam24@gmail.com
redbet168.net,ufavisionseoteam25@gmail.com
